<?xml version = '1.0' encoding = 'UTF-8'?>
<Diagram class="oracle.dbtools.crest.swingui.relational.DPVRelational" name="Relational_1" id="A2E10E57-7816-3589-4CD1-68E992EAD893">
<createdBy>MaikonSorriso</createdBy>
<modifiedBy>MaikonSorriso</modifiedBy>
<createdTime>2023-05-30 01:42:34 UTC</createdTime>
<autoRoute>false</autoRoute>
<boxInbox>true</boxInbox>
<showLegend>false</showLegend>
<showLabels>false</showLabels>
<showRelAttributes>false</showRelAttributes>
<gridEnabled>false</gridEnabled>
<showGrid>false</showGrid>
<diagramColor>-1</diagramColor>
<display>false</display>
<notation>1</notation>
<objectViews>
<OView class="oracle.dbtools.crest.swingui.relational.TVTable" oid="40C0BCDA-9EB0-A28F-3A05-16C209217BA7" otype="Table" vid="7ADCA8D6-E713-25B7-6ED4-E4856BE1B2F5">
<hideElementsInCurrentOnly>false</hideElementsInCurrentOnly>
<bounds x="28" y="37" width="209" height="153"/>
</OView>
<OView class="oracle.dbtools.crest.swingui.relational.TVTable" oid="899B29A6-6A73-AB4E-610B-07E274B659F3" otype="Table" vid="38537989-BE33-4EAF-231D-45D3D1887DA4">
<hideElementsInCurrentOnly>false</hideElementsInCurrentOnly>
<bounds x="319" y="42" width="243" height="157"/>
</OView>
</objectViews>
<connectors>
<Connector class="oracle.dbtools.crest.swingui.relational.TVFKRelation" oid="122A14CA-45A2-506E-BF6A-F73AAAF5F555" otype="FKIndexAssociation" vid_source="7ADCA8D6-E713-25B7-6ED4-E4856BE1B2F5" vid_target="38537989-BE33-4EAF-231D-45D3D1887DA4">
<hideElementsInCurrentOnly>false</hideElementsInCurrentOnly>
<backgroundColor>-16777216</backgroundColor>
<lineWidth>1</lineWidth>
<points>
<point x="237" y="116"/>
<point x="319" y="116"/>
</points>
</Connector>
</connectors>
</Diagram>