<?xml version = '1.0' encoding = 'UTF-8'?>
<Entity class="oracle.dbtools.crest.model.design.logical.Entity" directorySegmentName="seg_0" id="08453049-E95C-25DD-0A38-2C11898CD222" name="T_BANCO_DADOS">
<createdBy>MaikonSorriso</createdBy>
<createdTime>2023-05-30 01:10:48 UTC</createdTime>
<ownerDesignName>ProdutorOK</ownerDesignName>
<engineerTo>
<item key="021625FA-18E1-DC45-DE22-0473BD501DC9" value="true"/>
</engineerTo>
<adequatelyNormalized>NO</adequatelyNormalized>
<expectedVolumes>0</expectedVolumes>
<fwdEngineeringStrategyName>Single Table</fwdEngineeringStrategyName>
<growthPercent>0</growthPercent>
<growthType>Year</growthType>
<maxVolumes>9999999</maxVolumes>
<minVolumes>0</minVolumes>
<normalForm>Third</normalForm>
<attributes itemClass="oracle.dbtools.crest.model.design.logical.Attribute">
<Attribute name="id_banco_de_dados_ia" id="9AAB5A9B-D90E-1487-1827-3DF0A0CF6C1A">
<createdBy>MaikonSorriso</createdBy>
<createdTime>2023-05-30 01:13:17 UTC</createdTime>
<ownerDesignName>ProdutorOK</ownerDesignName>
<engineerTo>
<item key="021625FA-18E1-DC45-DE22-0473BD501DC9" value="true"/>
</engineerTo>
<use>0</use>
<ownDataTypeParameters>,,</ownDataTypeParameters>
</Attribute>
<Attribute name="id_produtor" id="73F1A411-3C3E-5841-BFCF-EE2F05AECF9E">
<createdBy>MaikonSorriso</createdBy>
<createdTime>2023-06-03 19:19:07 UTC</createdTime>
<generatorID>E8A7E004-C65A-5A11-62A0-A4E8006055A2</generatorID>
<ownerDesignName>ProdutorOK</ownerDesignName>
<engineerTo>
<item key="021625FA-18E1-DC45-DE22-0473BD501DC9" value="true"/>
</engineerTo>
<referedAttribute>2B6FBC69-E8DC-7206-5004-A9EA2B9FC40C</referedAttribute>
<use>0</use>
<ownDataTypeParameters>,,</ownDataTypeParameters>
</Attribute>
<Attribute name="nm_banco_de_dados_ia" id="23FB0E44-FD16-26C6-86BB-5F0A35C15DA1">
<createdBy>MaikonSorriso</createdBy>
<createdTime>2023-05-30 01:15:10 UTC</createdTime>
<ownerDesignName>ProdutorOK</ownerDesignName>
<engineerTo>
<item key="021625FA-18E1-DC45-DE22-0473BD501DC9" value="true"/>
</engineerTo>
<use>0</use>
<ownDataTypeParameters>,,</ownDataTypeParameters>
</Attribute>
<Attribute name="em_email" id="C0688B99-112B-6620-7F2C-7170D84D1B91">
<createdBy>MaikonSorriso</createdBy>
<createdTime>2023-05-30 01:17:16 UTC</createdTime>
<ownerDesignName>ProdutorOK</ownerDesignName>
<engineerTo>
<item key="021625FA-18E1-DC45-DE22-0473BD501DC9" value="true"/>
</engineerTo>
<use>0</use>
<ownDataTypeParameters>,,</ownDataTypeParameters>
</Attribute>
<Attribute name="cul_cultivo" id="1D85FD9A-2FBE-B126-3B48-342A4F8BB7A3">
<createdBy>MaikonSorriso</createdBy>
<createdTime>2023-06-03 19:24:50 UTC</createdTime>
<ownerDesignName>ProdutorOK</ownerDesignName>
<engineerTo>
<item key="021625FA-18E1-DC45-DE22-0473BD501DC9" value="true"/>
</engineerTo>
<use>0</use>
<ownDataTypeParameters>,,</ownDataTypeParameters>
</Attribute>
<Attribute name="qa_quantidade" id="2422727E-A8D3-9591-7A72-8B460D2E2416">
<createdBy>MaikonSorriso</createdBy>
<createdTime>2023-06-03 19:25:52 UTC</createdTime>
<ownerDesignName>ProdutorOK</ownerDesignName>
<engineerTo>
<item key="021625FA-18E1-DC45-DE22-0473BD501DC9" value="true"/>
</engineerTo>
<use>0</use>
<ownDataTypeParameters>,,</ownDataTypeParameters>
</Attribute>
<Attribute name="dt_data_producao" id="719ECD96-32EA-F7FB-7E42-439E2068FF39">
<createdBy>MaikonSorriso</createdBy>
<createdTime>2023-06-03 19:27:15 UTC</createdTime>
<ownerDesignName>ProdutorOK</ownerDesignName>
<engineerTo>
<item key="021625FA-18E1-DC45-DE22-0473BD501DC9" value="true"/>
</engineerTo>
<use>0</use>
<ownDataTypeParameters>,,</ownDataTypeParameters>
</Attribute>
</attributes>
<identifiers itemClass="oracle.dbtools.crest.model.design.logical.CandidateKey">
<identifier id="F74A65F8-6156-3AE9-2B39-3C2911298AB1" name="T_CONVERSORA PK">
<createdBy>MaikonSorriso</createdBy>
<createdTime>2023-05-30 01:13:34 UTC</createdTime>
<ownerDesignName>ProdutorOK</ownerDesignName>
<engineerTo>
<item key="021625FA-18E1-DC45-DE22-0473BD501DC9" value="true"/>
</engineerTo>
<pk>true</pk>
<usedAttributes>
<attributeRef>9AAB5A9B-D90E-1487-1827-3DF0A0CF6C1A</attributeRef>
</usedAttributes>
</identifier>
</identifiers>
</Entity>