<?xml version = '1.0' encoding = 'UTF-8'?>
<Entity class="oracle.dbtools.crest.model.design.logical.Entity" directorySegmentName="seg_0" id="BFA594D1-3771-61AB-45AD-104596B96633" name="T_PRODUTOR">
<createdBy>MaikonSorriso</createdBy>
<createdTime>2023-05-30 01:03:08 UTC</createdTime>
<ownerDesignName>ProdutorOK</ownerDesignName>
<engineerTo>
<item key="021625FA-18E1-DC45-DE22-0473BD501DC9" value="true"/>
</engineerTo>
<adequatelyNormalized>NO</adequatelyNormalized>
<expectedVolumes>0</expectedVolumes>
<fwdEngineeringStrategyName>Single Table</fwdEngineeringStrategyName>
<growthPercent>0</growthPercent>
<growthType>Year</growthType>
<maxVolumes>9999999</maxVolumes>
<minVolumes>0</minVolumes>
<normalForm>Third</normalForm>
<attributes itemClass="oracle.dbtools.crest.model.design.logical.Attribute">
<Attribute name="id_produtor" id="2B6FBC69-E8DC-7206-5004-A9EA2B9FC40C">
<createdBy>MaikonSorriso</createdBy>
<createdTime>2023-05-30 01:03:56 UTC</createdTime>
<ownerDesignName>ProdutorOK</ownerDesignName>
<engineerTo>
<item key="021625FA-18E1-DC45-DE22-0473BD501DC9" value="true"/>
</engineerTo>
<use>0</use>
<ownDataTypeParameters>,,</ownDataTypeParameters>
</Attribute>
<Attribute name="nm_produtor" id="B91BD3CF-755B-9746-87B7-6CC6EDE47E35">
<createdBy>MaikonSorriso</createdBy>
<createdTime>2023-05-30 01:05:32 UTC</createdTime>
<ownerDesignName>ProdutorOK</ownerDesignName>
<engineerTo>
<item key="021625FA-18E1-DC45-DE22-0473BD501DC9" value="true"/>
</engineerTo>
<use>0</use>
<ownDataTypeParameters>,,</ownDataTypeParameters>
</Attribute>
<Attribute name="rg_produtor" id="E3E8489B-D0E2-718A-EAC3-64893D383BCF">
<createdBy>MaikonSorriso</createdBy>
<createdTime>2023-05-30 01:05:56 UTC</createdTime>
<ownerDesignName>ProdutorOK</ownerDesignName>
<engineerTo>
<item key="021625FA-18E1-DC45-DE22-0473BD501DC9" value="true"/>
</engineerTo>
<use>0</use>
<ownDataTypeParameters>,,</ownDataTypeParameters>
</Attribute>
<Attribute name="cpf_produtor" id="5BEA8AD5-6FB6-3F69-3E14-3F515FB04599">
<createdBy>MaikonSorriso</createdBy>
<createdTime>2023-05-30 01:06:31 UTC</createdTime>
<ownerDesignName>ProdutorOK</ownerDesignName>
<engineerTo>
<item key="021625FA-18E1-DC45-DE22-0473BD501DC9" value="true"/>
</engineerTo>
<use>0</use>
<ownDataTypeParameters>,,</ownDataTypeParameters>
</Attribute>
<Attribute name="end_endereco" id="4CCFE937-C27A-9BDB-A41A-8A6BA93277E6">
<createdBy>MaikonSorriso</createdBy>
<createdTime>2023-05-30 01:07:10 UTC</createdTime>
<ownerDesignName>ProdutorOK</ownerDesignName>
<engineerTo>
<item key="021625FA-18E1-DC45-DE22-0473BD501DC9" value="true"/>
</engineerTo>
<use>0</use>
<ownDataTypeParameters>,,</ownDataTypeParameters>
</Attribute>
<Attribute name="nm_numero_telefone" id="7449BE1A-377A-8BC7-27A9-6E5FE2F2ECC1">
<createdBy>MaikonSorriso</createdBy>
<createdTime>2023-05-30 01:07:59 UTC</createdTime>
<ownerDesignName>ProdutorOK</ownerDesignName>
<engineerTo>
<item key="021625FA-18E1-DC45-DE22-0473BD501DC9" value="true"/>
</engineerTo>
<use>0</use>
<ownDataTypeParameters>,,</ownDataTypeParameters>
</Attribute>
<Attribute name="em_email" id="840292D8-CBE7-C9CA-D2B5-0715180D1EE9">
<createdBy>MaikonSorriso</createdBy>
<createdTime>2023-05-30 01:09:04 UTC</createdTime>
<ownerDesignName>ProdutorOK</ownerDesignName>
<engineerTo>
<item key="021625FA-18E1-DC45-DE22-0473BD501DC9" value="true"/>
</engineerTo>
<use>0</use>
<ownDataTypeParameters>,,</ownDataTypeParameters>
</Attribute>
<Attribute name="s_senha" id="30677BBD-263D-345C-44EE-918A0FF6C53E">
<createdBy>MaikonSorriso</createdBy>
<createdTime>2023-05-30 01:09:07 UTC</createdTime>
<ownerDesignName>ProdutorOK</ownerDesignName>
<engineerTo>
<item key="021625FA-18E1-DC45-DE22-0473BD501DC9" value="true"/>
</engineerTo>
<use>0</use>
<ownDataTypeParameters>,,</ownDataTypeParameters>
</Attribute>
</attributes>
<identifiers itemClass="oracle.dbtools.crest.model.design.logical.CandidateKey">
<identifier id="60B8DCA5-7F12-03A7-497E-8B5C37AC424E" name="T_CLIENT PK">
<createdBy>MaikonSorriso</createdBy>
<createdTime>2023-05-30 01:05:25 UTC</createdTime>
<ownerDesignName>ProdutorOK</ownerDesignName>
<engineerTo>
<item key="021625FA-18E1-DC45-DE22-0473BD501DC9" value="true"/>
</engineerTo>
<pk>true</pk>
<usedAttributes>
<attributeRef>2B6FBC69-E8DC-7206-5004-A9EA2B9FC40C</attributeRef>
</usedAttributes>
</identifier>
</identifiers>
</Entity>