<?xml version = '1.0' encoding = 'UTF-8'?>
<Relation class="oracle.dbtools.crest.model.design.logical.Relation" name="Relation_1" directorySegmentName="seg_0" id="E8A7E004-C65A-5A11-62A0-A4E8006055A2">
<createdBy>MaikonSorriso</createdBy>
<createdTime>2023-06-03 19:19:07 UTC</createdTime>
<ownerDesignName>ProdutorOK</ownerDesignName>
<engineerTo>
<item key="021625FA-18E1-DC45-DE22-0473BD501DC9" value="true"/>
</engineerTo>
<sourcePk>60B8DCA5-7F12-03A7-497E-8B5C37AC424E</sourcePk>
<identifying>false</identifying>
<optionalSource>true</optionalSource>
<optionalTarget>false</optionalTarget>
<sourceCardinality>1</sourceCardinality>
<sourceEntity>BFA594D1-3771-61AB-45AD-104596B96633</sourceEntity>
<targetCardinalityString>*</targetCardinalityString>
<targetEntity>08453049-E95C-25DD-0A38-2C11898CD222</targetEntity>
<transferable>true</transferable>
<deleteRule>NO ACTION</deleteRule>
</Relation>