<?xml version = '1.0' encoding = 'UTF-8'?>
<relationalModel class="oracle.dbtools.crest.model.design.relational.RelationalDesign" name="Relational_1" id="021625FA-18E1-DC45-DE22-0473BD501DC9" mainViewID="A2E10E57-7816-3589-4CD1-68E992EAD893">
<createdBy>MaikonSorriso</createdBy>
<createdTime>2023-05-30 00:50:02 UTC</createdTime>
<ownerDesignName>Licao_Fiap07</ownerDesignName>
<shouldBeOpen>true</shouldBeOpen>
<selectedRDBMSSite>32076570-2523-435C-2E92-BF29817DFF70</selectedRDBMSSite>
</relationalModel>