<?xml version = '1.0' encoding = 'UTF-8'?>
<Table class="oracle.dbtools.crest.model.design.relational.Table" directorySegmentName="seg_0" id="40C0BCDA-9EB0-A28F-3A05-16C209217BA7" name="T_PRODUTOR">
<createdBy>MaikonSorriso</createdBy>
<createdTime>2023-06-03 19:29:40 UTC</createdTime>
<generatorID>BFA594D1-3771-61AB-45AD-104596B96633</generatorID>
<ownerDesignName>ProdutorOK</ownerDesignName>
<allowColumnReorder>false</allowColumnReorder>
<existDependencyGenerateInDDl>true</existDependencyGenerateInDDl>
<parsed>true</parsed>
<columns itemClass="oracle.dbtools.crest.model.design.relational.Column">
<Column name="id_produtor" id="11CE11F9-7044-AF6C-79D5-3CE264A004E0">
<createdBy>MaikonSorriso</createdBy>
<createdTime>2023-06-03 19:29:40 UTC</createdTime>
<generatorID>2B6FBC69-E8DC-7206-5004-A9EA2B9FC40C</generatorID>
<ownerDesignName>ProdutorOK</ownerDesignName>
<use>0</use>
<ownDataTypeParameters>,,</ownDataTypeParameters>
<autoIncrementCycle>false</autoIncrementCycle>
</Column>
<Column name="nm_produtor" id="7E63F9FB-C078-6070-7207-50B4D834EF7F">
<createdBy>MaikonSorriso</createdBy>
<createdTime>2023-06-03 19:29:40 UTC</createdTime>
<generatorID>B91BD3CF-755B-9746-87B7-6CC6EDE47E35</generatorID>
<ownerDesignName>ProdutorOK</ownerDesignName>
<use>0</use>
<ownDataTypeParameters>,,</ownDataTypeParameters>
<autoIncrementCycle>false</autoIncrementCycle>
</Column>
<Column name="rg_produtor" id="AF2EAACD-5281-07AD-EF25-927E81C2D4F0">
<createdBy>MaikonSorriso</createdBy>
<createdTime>2023-06-03 19:29:40 UTC</createdTime>
<generatorID>E3E8489B-D0E2-718A-EAC3-64893D383BCF</generatorID>
<ownerDesignName>ProdutorOK</ownerDesignName>
<use>0</use>
<ownDataTypeParameters>,,</ownDataTypeParameters>
<autoIncrementCycle>false</autoIncrementCycle>
</Column>
<Column name="cpf_produtor" id="35770183-8403-18BC-5357-772982D332B4">
<createdBy>MaikonSorriso</createdBy>
<createdTime>2023-06-03 19:29:40 UTC</createdTime>
<generatorID>5BEA8AD5-6FB6-3F69-3E14-3F515FB04599</generatorID>
<ownerDesignName>ProdutorOK</ownerDesignName>
<use>0</use>
<ownDataTypeParameters>,,</ownDataTypeParameters>
<autoIncrementCycle>false</autoIncrementCycle>
</Column>
<Column name="end_endereco" id="8AF71FA3-358C-1B50-3C65-0EE0B47A081D">
<createdBy>MaikonSorriso</createdBy>
<createdTime>2023-06-03 19:29:40 UTC</createdTime>
<generatorID>4CCFE937-C27A-9BDB-A41A-8A6BA93277E6</generatorID>
<ownerDesignName>ProdutorOK</ownerDesignName>
<use>0</use>
<ownDataTypeParameters>,,</ownDataTypeParameters>
<autoIncrementCycle>false</autoIncrementCycle>
</Column>
<Column name="nm_numero_telefone" id="3A6550B3-7C20-B56E-C55E-BB09BB9661DC">
<createdBy>MaikonSorriso</createdBy>
<createdTime>2023-06-03 19:29:40 UTC</createdTime>
<generatorID>7449BE1A-377A-8BC7-27A9-6E5FE2F2ECC1</generatorID>
<ownerDesignName>ProdutorOK</ownerDesignName>
<use>0</use>
<ownDataTypeParameters>,,</ownDataTypeParameters>
<autoIncrementCycle>false</autoIncrementCycle>
</Column>
<Column name="em_email" id="0B900BF7-782C-7242-6A6B-715BE46D17D0">
<createdBy>MaikonSorriso</createdBy>
<createdTime>2023-06-03 19:29:40 UTC</createdTime>
<generatorID>840292D8-CBE7-C9CA-D2B5-0715180D1EE9</generatorID>
<ownerDesignName>ProdutorOK</ownerDesignName>
<use>0</use>
<ownDataTypeParameters>,,</ownDataTypeParameters>
<autoIncrementCycle>false</autoIncrementCycle>
</Column>
<Column name="s_senha" id="48684965-8A9E-A348-BFC0-218A68CCE63E">
<createdBy>MaikonSorriso</createdBy>
<createdTime>2023-06-03 19:29:40 UTC</createdTime>
<generatorID>30677BBD-263D-345C-44EE-918A0FF6C53E</generatorID>
<ownerDesignName>ProdutorOK</ownerDesignName>
<use>0</use>
<ownDataTypeParameters>,,</ownDataTypeParameters>
<autoIncrementCycle>false</autoIncrementCycle>
</Column>
</columns>
<indexes itemClass="oracle.dbtools.crest.model.design.relational.Index">
<ind_PK_UK id="18A36579-1B80-9083-3B52-E952CD946A3D" name="T_PRODUTOR_PK">
<createdBy>MaikonSorriso</createdBy>
<createdTime>2023-06-03 19:29:40 UTC</createdTime>
<generatorID>60B8DCA5-7F12-03A7-497E-8B5C37AC424E</generatorID>
<ownerDesignName>ProdutorOK</ownerDesignName>
<pk>true</pk>
<indexState>Primary Constraint</indexState>
<isSurrogateKey>false</isSurrogateKey>
<indexColumnUsage>
<colUsage columnID="11CE11F9-7044-AF6C-79D5-3CE264A004E0"/>
</indexColumnUsage>
</ind_PK_UK>
</indexes>
</Table>