<?xml version = '1.0' encoding = 'UTF-8'?>
<Table class="oracle.dbtools.crest.model.design.relational.Table" directorySegmentName="seg_0" id="899B29A6-6A73-AB4E-610B-07E274B659F3" name="T_BANCO_DADOS">
<createdBy>MaikonSorriso</createdBy>
<createdTime>2023-06-03 19:29:40 UTC</createdTime>
<generatorID>08453049-E95C-25DD-0A38-2C11898CD222</generatorID>
<ownerDesignName>ProdutorOK</ownerDesignName>
<allowColumnReorder>false</allowColumnReorder>
<existDependencyGenerateInDDl>true</existDependencyGenerateInDDl>
<parsed>true</parsed>
<columns itemClass="oracle.dbtools.crest.model.design.relational.Column">
<Column name="id_banco_de_dados_ia" id="232A351E-B639-97C5-7F3D-4D60A8ADB4BA">
<createdBy>MaikonSorriso</createdBy>
<createdTime>2023-06-03 19:29:40 UTC</createdTime>
<generatorID>9AAB5A9B-D90E-1487-1827-3DF0A0CF6C1A</generatorID>
<ownerDesignName>ProdutorOK</ownerDesignName>
<use>0</use>
<ownDataTypeParameters>,,</ownDataTypeParameters>
<autoIncrementCycle>false</autoIncrementCycle>
</Column>
<Column name="T_PRODUTOR_id_produtor" id="C4A7DC4D-5D51-26B9-160E-B1B493D97207">
<createdBy>MaikonSorriso</createdBy>
<createdTime>2023-06-03 19:29:40 UTC</createdTime>
<generatorID>73F1A411-3C3E-5841-BFCF-EE2F05AECF9E</generatorID>
<ownerDesignName>ProdutorOK</ownerDesignName>
<use>0</use>
<ownDataTypeParameters>,,</ownDataTypeParameters>
<previousColumn>false</previousColumn>
<autoIncrementCycle>false</autoIncrementCycle>
<associations>
<colAssociation fkAssociation="122A14CA-45A2-506E-BF6A-F73AAAF5F555" referredColumn="11CE11F9-7044-AF6C-79D5-3CE264A004E0"/>
</associations>
</Column>
<Column name="nm_banco_de_dados_ia" id="0A2FAA73-208D-34A2-8C88-53FA6052F61E">
<createdBy>MaikonSorriso</createdBy>
<createdTime>2023-06-03 19:29:40 UTC</createdTime>
<generatorID>23FB0E44-FD16-26C6-86BB-5F0A35C15DA1</generatorID>
<ownerDesignName>ProdutorOK</ownerDesignName>
<use>0</use>
<ownDataTypeParameters>,,</ownDataTypeParameters>
<autoIncrementCycle>false</autoIncrementCycle>
</Column>
<Column name="em_email" id="3E5A6136-A165-CF85-5DDB-C1272FD38722">
<createdBy>MaikonSorriso</createdBy>
<createdTime>2023-06-03 19:29:40 UTC</createdTime>
<generatorID>C0688B99-112B-6620-7F2C-7170D84D1B91</generatorID>
<ownerDesignName>ProdutorOK</ownerDesignName>
<use>0</use>
<ownDataTypeParameters>,,</ownDataTypeParameters>
<autoIncrementCycle>false</autoIncrementCycle>
</Column>
<Column name="cul_cultivo" id="0181A1B7-F96B-D2E6-E942-B0583DE70071">
<createdBy>MaikonSorriso</createdBy>
<createdTime>2023-06-03 19:29:40 UTC</createdTime>
<generatorID>1D85FD9A-2FBE-B126-3B48-342A4F8BB7A3</generatorID>
<ownerDesignName>ProdutorOK</ownerDesignName>
<use>0</use>
<ownDataTypeParameters>,,</ownDataTypeParameters>
<autoIncrementCycle>false</autoIncrementCycle>
</Column>
<Column name="qa_quantidade" id="45B76F92-BBD2-2A78-E8D3-1EDB68E19EA2">
<createdBy>MaikonSorriso</createdBy>
<createdTime>2023-06-03 19:29:40 UTC</createdTime>
<generatorID>2422727E-A8D3-9591-7A72-8B460D2E2416</generatorID>
<ownerDesignName>ProdutorOK</ownerDesignName>
<use>0</use>
<ownDataTypeParameters>,,</ownDataTypeParameters>
<autoIncrementCycle>false</autoIncrementCycle>
</Column>
<Column name="dt_data_producao" id="E3873E9E-5F1B-C0C4-348B-11FDD9EEF83B">
<createdBy>MaikonSorriso</createdBy>
<createdTime>2023-06-03 19:29:40 UTC</createdTime>
<generatorID>719ECD96-32EA-F7FB-7E42-439E2068FF39</generatorID>
<ownerDesignName>ProdutorOK</ownerDesignName>
<use>0</use>
<ownDataTypeParameters>,,</ownDataTypeParameters>
<autoIncrementCycle>false</autoIncrementCycle>
</Column>
</columns>
<indexes itemClass="oracle.dbtools.crest.model.design.relational.Index">
<ind_PK_UK id="B4699805-ECD4-8F96-6F9A-4E6B83044675" name="T_BANCO_DADOS_PK">
<createdBy>MaikonSorriso</createdBy>
<createdTime>2023-06-03 19:29:40 UTC</createdTime>
<generatorID>F74A65F8-6156-3AE9-2B39-3C2911298AB1</generatorID>
<ownerDesignName>ProdutorOK</ownerDesignName>
<pk>true</pk>
<indexState>Primary Constraint</indexState>
<isSurrogateKey>false</isSurrogateKey>
<indexColumnUsage>
<colUsage columnID="232A351E-B639-97C5-7F3D-4D60A8ADB4BA"/>
</indexColumnUsage>
</ind_PK_UK>
<ind_PK_UK id="E8B8DBE2-E909-FFF3-6BDD-A35607F8AA08" name="T_BANCO_DADOS_T_PRODUTOR_FK">
<createdBy>MaikonSorriso</createdBy>
<createdTime>2023-06-03 19:29:40 UTC</createdTime>
<generatorID>E8A7E004-C65A-5A11-62A0-A4E8006055A2</generatorID>
<ownerDesignName>ProdutorOK</ownerDesignName>
<indexState>Foreign Key</indexState>
<isSurrogateKey>false</isSurrogateKey>
<indexColumnUsage>
<colUsage columnID="C4A7DC4D-5D51-26B9-160E-B1B493D97207"/>
</indexColumnUsage>
</ind_PK_UK>
</indexes>
</Table>