<?xml version = '1.0' encoding = 'UTF-8'?>
<Diagram class="oracle.dbtools.crest.swingui.logical.DPVLogical" name="Logical" id="E2D7E6B2-BC8F-ED1E-ED24-B4D4C26AEB0B">
<createdBy>MaikonSorriso</createdBy>
<modifiedBy>MaikonSorriso</modifiedBy>
<createdTime>2023-05-30 01:03:08 UTC</createdTime>
<autoRoute>false</autoRoute>
<boxInbox>true</boxInbox>
<showLegend>false</showLegend>
<showLabels>false</showLabels>
<showRelAttributes>false</showRelAttributes>
<gridEnabled>false</gridEnabled>
<showGrid>false</showGrid>
<diagramColor>-1</diagramColor>
<display>false</display>
<notation>1</notation>
<objectViews>
<OView class="oracle.dbtools.crest.swingui.logical.TVEntity" oid="08453049-E95C-25DD-0A38-2C11898CD222" otype="Entity" vid="B649A92B-013C-0A25-86EA-325CEAF35EB8">
<hideElementsInCurrentOnly>false</hideElementsInCurrentOnly>
<bounds x="261" y="43" width="156" height="113"/>
</OView>
<OView class="oracle.dbtools.crest.swingui.logical.TVEntity" oid="BFA594D1-3771-61AB-45AD-104596B96633" otype="Entity" vid="69676D58-8F53-A6C9-8066-01BA5782CE8F">
<hideElementsInCurrentOnly>false</hideElementsInCurrentOnly>
<bounds x="28" y="37" width="154" height="135"/>
</OView>
</objectViews>
<connectors>
<Connector class="oracle.dbtools.crest.swingui.logical.TVRelation" oid="E8A7E004-C65A-5A11-62A0-A4E8006055A2" otype="Relation" vid_source="69676D58-8F53-A6C9-8066-01BA5782CE8F" vid_target="B649A92B-013C-0A25-86EA-325CEAF35EB8">
<hideElementsInCurrentOnly>false</hideElementsInCurrentOnly>
<backgroundColor>-16777216</backgroundColor>
<lineWidth>1</lineWidth>
<points>
<point x="182" y="99"/>
<point x="261" y="99"/>
</points>
</Connector>
</connectors>
</Diagram>