<?xml version = '1.0' encoding = 'UTF-8'?>
<FKIndexAssociation class="oracle.dbtools.crest.model.design.relational.FKIndexAssociation" directorySegmentName="seg_0" id="122A14CA-45A2-506E-BF6A-F73AAAF5F555" containerWithKeyObject="899B29A6-6A73-AB4E-610B-07E274B659F3" localFKIndex="E8B8DBE2-E909-FFF3-6BDD-A35607F8AA08" name="T_BANCO_DADOS_T_PRODUTOR_FK">
<createdBy>MaikonSorriso</createdBy>
<createdTime>2023-06-03 19:29:40 UTC</createdTime>
<generatorID>E8A7E004-C65A-5A11-62A0-A4E8006055A2</generatorID>
<ownerDesignName>ProdutorOK</ownerDesignName>
<referredTableLongName>T_PRODUTOR</referredTableLongName>
<deleteRule>NO ACTION</deleteRule>
<referredTableID>40C0BCDA-9EB0-A28F-3A05-16C209217BA7</referredTableID>
<keyObject>18A36579-1B80-9083-3B52-E952CD946A3D</keyObject>
<referredKeyID>18A36579-1B80-9083-3B52-E952CD946A3D</referredKeyID>
<mandatory>true</mandatory>
<refColNames>id_produtor</refColNames>
<transferable>true</transferable>
<rely>false</rely>
<columnDependencyConstraintGenerateInDDL>true</columnDependencyConstraintGenerateInDDL>
</FKIndexAssociation>